{"Nevada": [{"The maximum station": ["95180", "NV", "[-119.76694, 39.16444]", "4802.0", "CARSON CITY"], "The minimum station": ["87", "NV", "[-114.8466, 39.2952]", "6262.0", "ELY AIRPORT"], "The average height of the station": 4921.466589861751, "The lower median station": ["37901", "NV", "[-115.08333, 41.78333]", "6000.0", "CANYON CREEK RANCH"], "The higher median station": ["37902", "NV", "[-116.1, 40.7]", "4096.0", "CARLIN"], "Stations above sea level": 820, "Stations above 2000 feet": 782, "Stations above 4000 feet": 676, "Stations above 6000 feet": 246}]}